instance,customers,status,cost,lower_bound,gap_percent,vehicles,nodes_explored,columns_generated,elapsed_seconds,reference_best_known,reference_gap_percent
c101,10,optimal,59.0,59.0,0.0,1,1,85,5.8,,
c101,25,feasible,192.0,192.0,0.0,3,1,752,133.8,,
c201,10,optimal,195.0,195.0,0.0,1,1,82,4.2,,
c201,25,optimal,217.0,217.0,0.0,2,1,1138,74.1,,
r101,10,optimal,269.0,269.0,0.0,4,7,48,15.3,,
r101,25,optimal,616.0,616.0,0.0,8,1,147,22.0,,
r201,10,optimal,254.0,254.0,0.0,1,1,148,5.1,,
r201,25,feasible,724.0,517.67,28.499,2,3,1483,1331.6,,
rc101,10,optimal,187.0,187.0,0.0,2,1,72,3.4,,
rc101,25,feasible,461.0,461.0,0.0,5,221,1017,226.3,,
rc201,10,optimal,195.0,195.0,0.0,1,1,167,5.0,,
rc201,25,feasible,431.0,431.0,0.0,2,1,768,355.5,,
